0.15219213943845233, 18.826025564733172, 15.531662168219125
27.311440085599227, 22.681955080398698
5.1102459058810386, 8.501277669063292, 19.31243216911816
3.8217021431115543, 22.28536767689632, 30.50342535926659
9.804783519378299, 6.619825474296552, 6.6198386750024865
15.602973189688196, 27.615528590098815
34.41757341841482, 5.873385216222195
4.270773906830526, 13.021454012236385, 8.020767714115998
34.20390494940381, 17.092185053504984
34.81028388095694, 30.87629422479675
6.4800009060448645, 25.15475632845332, 7.037842929491841
1.6574112181130463, 19.424408713769893, 34.562455346162736
24.57059239491663, 16.471086276821975
12.314746316627222, 15.79641777067701, 3.7147835513674505
16.2424401117449, 1.861702374101527, 27.97395671272607
27.348489132532023, 2.0347340336061586, 2.3140578986902427
4.94505284918821, 11.140400762582278, 1.187787681537269
19.428694354251686, 17.396758966015998
25.266039322930133, 19.666602309562766
8.04818308498764, 17.227953989298072, 24.616878004900798
22.74047759108142, 4.497289610245241, 32.57159974310251
32.454349332452836, 8.53326531565315
13.666921244788071, 13.645278159158169, 34.09267363534215
2.1586092140944975, 26.570732226316238, 3.5350828935806113
18.253666945169865, 28.73600613133076
16.70588828412692, 8.308240613779954, 11.07290645626718
3.4998993005726997, 33.768513129281715
9.94873337085276, 25.481831817026823
28.310256935599615, 24.748164797226163
25.996786534303315, 7.265364323660581, 25.75850576321723
32.723516497322414, 7.631645535643499
19.351140505865736, 28.869317951057297
30.12572394835242, 14.643532597885969
28.32872645295844, 33.63281272503069
23.806028229010487, 19.35935509131151
32.89627435339553, 31.480674155162852
4.1575730702488585, 22.756797748986667, 27.989051985012228
2.3222380470482533, 22.33975261180588, 28.0099329591869
0.36855131702980326, 13.593802159899788, 31.2212424861521
34.616149973216686, 28.342210637817164
24.12139228661994, 32.44538730799539
3.5257742549729985, 10.191296875680498, 3.999243335342297
22.482702399875446, 6.396791287838499, 34.62094962368592
21.459922454074956, 0.6232734248751015, 3.4179757188383597
10.053072100498673, 1.9179412532363234, 7.91687891808602
15.104656707288697, 27.899038910366123
20.898376931567064, 34.07416022604695
19.781725705310123, 10.97786574206754, 20.914682789472753
19.423398034214912, 8.99452743589215, 25.122978137301203
30.303512631724885, 3.1883836504663594, 7.016555561346839
4.0758804299601525, 33.46681282214585
34.0881843090947, 20.818262615269973
2.6754543171362273, 33.263144145532415
16.606461263130274, 15.88743973786958, 2.5261994722172663
18.81090267761273, 26.35033157940007
28.70023322755052, 30.81429808233653
7.740411932549885, 12.859558732840545, 18.763110153973297
31.802957861265856, 21.368144931529567
2.2756683126417574, 18.97974187036997, 25.975751615772342
8.001258250873514, 23.73205406441606, 32.16845867860424
12.880689682949575, 12.146128829916963, 25.173424311534205
5.097240618097085, 34.39529817320756
34.19653580987044, 33.04163498915625
8.651464300128753, 10.911502832861325, 20.448554594444076
26.67788886338808, 5.213294575171934, 29.409149820337984
1.837257752695054, 2.9805029384970085, 21.032647419392415
33.4704900262692, 17.87892478429461
9.991232956090288, 18.739379304081115, 27.648424221233796
11.329666461900354, 27.56811400558694
6.5576058670759405, 8.118175340329469, 19.04840442128672
12.314887585070526, 21.5988944384135, 12.620729914793722
31.788464231965328, 9.615612027798921
22.469675999480323, 1.7895739944395328, 28.817823312094806
15.821213169295655, 26.01845973455004
27.548008081460925, 8.222794100164673
29.978194946760873, 21.985450728030752
2.7746192145273856, 12.139160193193014, 12.777196260239458
9.799083914723251, 12.04935406688444, 14.132683721801838
10.636941701954209, 8.37970623432036, 11.285241567342354
17.47804263241095, 12.711796799926603, 13.472534788434219
26.324646660763403, 6.515728955799788, 27.362222894973975
26.41789993901147, 6.457931246245547, 5.054824107397867
6.148193032437097, 2.631190817541486, 25.112884771232704
5.9129323850349005, 21.32030782286473, 27.386899418693783
11.138172424073431, 20.948849147661207, 24.745371791662777
21.426566302221502, 29.220249907802078
27.575886938712554, 25.518852512177833
10.828791758200504, 21.971530331898002, 24.164340603052562
30.911376895815774, 25.95718448576488
3.1898021124794766, 11.680843425059356, 28.49920396159858
7.913340860834239, 32.28429344874995
27.708563009480393, 21.479850022957645
27.484031110985992, 30.070378199684633
9.860371954941186, 15.95822366194515, 7.235267712075942
32.10713520506705, 5.89439993403294
34.85477926575597, 1.1695368550959047
13.165841373367897, 7.282088317908159, 33.2714879242924
9.365061858701576, 0.10141278657808617, 6.731550408169484
28.387986608773378, 34.744035485813455
5.730320639765977, 18.438415161026672, 10.558679365285707
13.240409671577524, 0.09372273954242061, 8.990991060176214
30.050023878829435, 6.506574207123788
10.333711076957108, 3.2361184323159673, 21.636115289889783
5.746981564750971, 16.017495208565066, 28.38031130835058
28.186862425417306, 10.292082245848011
12.614510189394412, 15.565718483703257, 33.66591341165359
32.31495977306992, 10.690458905676133
13.5549464417689, 28.74834336763457
16.777027608930673, 22.481731109525075
30.655946898266198, 14.126387535783444
20.80107398849354, 21.0003690998004
3.2968803435378273, 27.88296986729972, 2.8886996292885296
15.81060975130366, 22.054858840840247
28.869086482614087, 16.98517510855622
8.69114294688498, 9.646273743189852, 24.9173432869537
26.06293785449016, 13.267375524245022
19.468136051614373, 3.14060263341899, 14.29290868115082
10.95791347176554, 34.40024088347881
15.480240519818476, 11.734767190187622, 22.765337280155144
27.570855412779267, 27.19121691548626
18.71842231235954, 28.845623290559654
12.816468967377192, 27.160662610252043
26.029826963886883, 17.017071583071345
3.9196553848849724, 34.60456570548587
11.056028169800507, 12.790769426157112, 3.991512779596753
18.74032025931797, 29.99633671568343
19.30390776820407, 24.91790000876555
19.33293742596659, 25.89570322813414
29.496123071002806, 17.668895370092947
20.570191503261775, 20.933827988390128
25.32491518055953, 1.9298724311366489, 26.20913914333461
6.493869441970116, 3.1801698267273433, 12.719635755655649
29.059101449289596, 23.578049295530384
14.93960579810299, 22.634187362726514
25.97900845120638, 17.669265997975778
0.4102589538413626, 33.132478262502744, 22.555512876913646
8.45405771481477, 25.116419693767508, 34.57377845575293
22.696582243087075, 8.935835997516156, 29.489246794208064
29.109161083039535, 5.160580932243121, 23.052100512188506
7.201836075699838, 6.240499388050946, 22.34257223846881
12.445986623109052, 28.11372735846218
15.03570573492787, 20.25520730307981
32.979151370541686, 6.296746667120596
32.96282170195893, 25.686259213944165
19.730760267095782, 2.3044528408787652, 13.73925754937297
13.594287587201913, 31.709218992011685
21.237203252391026, 5.369160219493306, 28.097533274748187
16.01367665744747, 15.320052464522318, 27.81966401476807
31.794414158940675, 26.69358049714719
28.4798213886613, 21.96784056819104
12.60751447090186, 33.35645847207328
14.657559020738116, 21.89060724388698
14.415285244251036, 8.599345314134364, 31.9695547798808
24.867023197802382, 25.24422322832176
10.14074301658871, 2.4539942839643256, 23.640531885527235
4.188743922203341, 8.900874851245565, 34.73898298506837
4.553933145229729, 10.39406305268798, 10.217439155564273
23.060846213253974, 29.57453498266038
33.74031407872018, 2.003077104736224
17.433996115511306, 13.989696552894076, 9.372389789065242
2.263992717386698, 20.32740703195419, 6.220527596294044
30.90527696510291, 24.049744471905868
11.480544324626795, 28.265628150079365
31.252510517843398, 3.719338817208346, 30.80823612654417
14.57195285100645, 33.72491200534625
34.53220970581768, 27.30643905056916
13.12334470002179, 7.792599952474978, 24.959415170103682
32.073623348526354, 0.9802356813887947, 24.685506675662882
18.042907307609056, 17.260836395663265
7.395947324111144, 14.456835835709072, 17.500790531727407
16.44864476488259, 6.451468133484312, 25.8385481019496
17.458272756298257, 11.030663143945203, 1.3428286545282675
24.976108959944963, 27.39126604243446
11.511083586289972, 29.822702538218206
17.75834937201684, 28.935628882862865
31.012943896499742, 8.393865463796944
22.935932917457837, 29.983882796142158
10.842934736466818, 7.870226707032429, 17.184835233789958
0.5370189301448913, 32.373098813321995, 31.14578576778224
21.43887314670275, 23.756957284471216
34.419619919354865, 7.04465636713468
33.629105966318136, 21.4115483328092
13.582438607419983, 29.469380203448686
11.99002917057351, 28.979967144313946
29.66169444864781, 27.875659467826075
17.14205820331399, 6.44095958085124, 13.235741714096097
28.271819786103105, 13.571047778734236
14.869777964842191, 5.591634758836183, 14.196926489072723
34.02947003144886, 12.643267683721588
11.316226758592803, 3.4168792143650393, 11.253229875803058
4.694431079679539, 26.509239373926267, 20.164517089388635
17.619813654159596, 34.297231098369195
32.77504240127212, 20.926937001209556
12.238646616380725, 1.257219694957115, 27.166899965923335
6.769372336513245, 6.852783568101981, 27.939453227710082
24.335651346195565, 33.32533570412389
1.062667663232757, 30.502584509505816, 32.75747918632152
19.172287932319453, 5.318567419310046, 19.325695311123493
12.104510666512162, 34.790298730948756
15.700216848949948, 33.82102175019013
29.60056279796957, 2.291417842180135, 18.625229430157525
18.465527780613918, 33.906809833807216
27.08933214840236, 15.976550848347005
1.0049026100720249, 16.18098567930666, 8.881399098936521
9.767005234636828, 1.9838299656541585, 9.220959287031224
28.65199541640456, 11.437544701826086
11.931515462506479, 9.115286343636498, 26.913406660802934
10.941127690232001, 12.535050016780358, 1.5648250830582633
15.40428786037638, 32.562297436976415
15.494200551322704, 19.000389434962226, 7.846338921135445
11.350455762428638, 21.032798807264033, 26.4641839772015
10.13116381164816, 34.62896654041492
8.974068428858237, 27.25820211216995
31.388399447639454, 29.367888223328
7.478206588782016, 33.78165621601539
31.343965480088098, 21.507644131569045
6.476042175000366, 17.26698306904044, 14.631774485322245
18.57694167483018, 8.916529712056626, 31.867828066101605
20.880655017925726, 12.679654259442227, 2.992112204972399
1.8287050557042979, 5.441599021127361, 25.790101492670292
13.597570547122002, 32.46648131906524
22.153341063133865, 10.658392301290453, 18.092380052166366
22.287300814251697, 7.2268501886133265, 22.569873582327652
19.070951714239367, 24.77649135052668
15.623403050468868, 22.519249945183002
34.52772709311861, 19.07804037610318
9.849779461408946, 22.96674609639667, 14.239428016468304
24.37281953888715, 15.861463108252376
12.608998118886879, 4.102951963476168, 21.559651361337323
27.546772846476173, 0.5957166415238868, 27.292921346094168
5.854083783591953, 12.272745178681888, 9.306854567942537
14.6517187222794, 22.256147561960404
13.577203337822963, 28.192828624558437
5.560311729163986, 31.064667155953398
19.322228105398903, 28.2309368182219
12.345940718897191, 13.276451236035847, 9.9834529603966
19.054364284035078, 27.379936728391684
13.315581688315925, 16.698290713770955, 23.98333750595438
33.21924272132347, 33.39167808155419
34.23871233258361, 15.893221717586757
25.62017556946291, 19.524115196380976
25.90765487212579, 31.587966782609822
33.78100206218372, 21.526328246833206
6.987895370003411, 19.75124702873992, 25.890262994254023
3.4891673408436463, 5.401622404455315, 31.526000209741373
20.81084676353365, 14.98100394328063
19.47819676858175, 7.028823370130549, 32.029938355371776
30.57177454633716, 27.006177410471874
30.38645670806564, 3.4194626203733076, 26.392630063932465
1.2743286218943273, 11.637114186447285, 4.742732590803053
15.46199431335101, 1.5003380004892386, 26.0612432231169
20.016636411349143, 30.839887629489304
14.641345467696711, 15.363183550632593, 6.6204041981249615
2.7118237176686315, 14.942578299870668, 23.683613659519743
22.07851252560984, 17.623262472971888
11.011388079768013, 5.218594204157452, 6.513075275360358
13.445215557668002, 21.346100068546995, 22.556142035609202
10.584472341830272, 21.226175080097324, 12.94192427736452
28.22821315696794, 7.031438510725559
2.9377670344652578, 19.55278607797406, 10.112990507765634
25.40441675212971, 25.78328345206997
34.593999067161874, 2.983021087524236
0.9419414086817879, 31.395057885244256, 20.323623365346943
27.549803481534504, 21.80854755092024
2.6440820280067627, 13.437132622553808, 15.37287831158752
14.85556379352322, 25.65061369191999
13.056446361822587, 15.050546398279401, 17.124121096722302
31.94383869935899, 17.310021980280077
9.813823728594285, 26.367711906141633
21.65152081798849, 9.71308826427955, 1.9549119808621174
31.207582991963946, 13.320711857391505
33.94977095412024, 23.509667184145915
23.97559234121375, 17.4711514015345
0.13876801331727695, 17.753607949700992, 2.640156243325018
15.767668490065295, 17.9281009311683, 10.043418125917238
23.810164794135353, 20.573769289420284
6.051510414878056, 13.85118162535394, 7.8606945710201614
32.878836733869555, 17.007051437099907
33.37967733269737, 31.386707839494303
33.96127819379458, 31.264789415904954
34.776053037497256, 9.614414887416226
16.876542770928065, 18.73521088345049
9.484937644383564, 29.404626604578436
26.69516497365328, 2.352631571567583, 13.479382944985877
14.384035397322624, 20.60057519907625, 25.82325916693229
16.28360544529676, 11.838183591877387, 7.173766691352835
17.745550480683995, 8.29845055089375, 30.601528085513944
18.669625512094466, 2.4662733653926794, 29.476305484300028
31.87065774151259, 25.5098434751383
20.97562847056308, 11.04375139714037, 28.60552677046374
6.661046018252981, 24.28845880199056, 17.80291680057282
8.965650549681273, 11.943301204892157, 28.183704468121288
33.82737586064762, 25.33270397367373
27.376876204320777, 16.03539678492677
13.055214943449911, 27.428036473979272
19.60944291490689, 21.67092736557187
3.5400768571052184, 11.648273179478453, 17.488973883092196
16.680789743454095, 3.8988489771987327, 17.705461927178124
32.78189703379627, 32.77951769032222
27.169104636718714, 29.397000949991227
19.740423385752532, 22.621513152918233
7.328345647172284, 16.50005732064519, 8.930867533419812
11.882078106935584, 3.287999866588775, 29.19874103806308
13.377695995615948, 30.12121264079348
18.7811594627604, 14.910657341358412, 2.8042979010331064
3.8875474060892157, 26.232670907214125, 8.933208152114695
8.423895752530516, 24.884711269286157, 12.43695671448896
31.849889650229024, 23.409516630419223
19.0149387947247, 7.532130023089028, 4.83437126478256
28.528072682927885, 22.340928475353333
30.90299586490548, 0.4820750820249836, 0.7113547968939987
8.955278752086226, 6.213810465742121, 7.217407644490207
8.578058334699996, 29.79070445186617
26.900988597887896, 26.011489342171267
19.526867581867226, 24.853605860558368
13.752346518725883, 7.816782071480294, 29.62845945565256
29.566520156839832, 30.55211007000543
7.274613764656037, 6.019150922983671, 6.34124110471843
24.1109645782816, 28.863310182611176
7.994590776282864, 6.703547311286149, 0.6138569224875906
11.679969425619314, 27.110081360751618
2.4089762178134344, 9.409578412924132, 13.243676500162314
9.068509486154268, 32.39026006665321
33.26565477024512, 24.71971892097033
10.501506781931518, 4.789036495223656, 8.5781800270396
19.73073334907817, 15.304479884395631
1.6643497284303614, 6.3180230018526435, 28.99727668158708
16.521941035104383, 31.367768750418612
14.810379036086676, 28.091423113380003
0.28270263364352344, 13.817315337321823, 18.07523576232657
2.6977321907166507, 13.708227637627706, 2.6969611281083727
9.270535083462295, 3.710088977940015, 30.979672898953158
19.95199377479997, 26.523447009161792
10.707853907103553, 6.567341511146677, 13.81782039066331
3.326252447254628, 7.822770032550064, 16.786054038248245
34.1218975524558, 28.246217512441167
15.29634456383916, 26.522582159609573
6.654832602170266, 22.59254833532685, 14.625485644639225
7.185850442704612, 29.055231351780918
26.961840392298054, 33.983931423374074
10.697978467126934, 25.3574522438631
31.030288719802094, 27.191662682111588
24.050637872750404, 10.636927321688079, 29.51036463740767
11.171594608633953, 34.87533262785356
29.778095997762183, 21.520009741530345
29.9690784046247, 18.870337861510734
28.955176467521824, 12.9222146425735
24.579930778247498, 18.533257197617807
10.086799471824428, 28.866073671102576
2.414219613960029, 16.083303281103586, 20.272005020322332
23.38658844931657, 29.870944683921813
12.019741170091182, 34.765571541778996
12.743011974261153, 27.365946379577814
27.833824871563795, 24.78510131691645
33.664335316382825, 34.58996542599651
3.6448081732074322, 14.343930137638546, 13.512280120664109
32.326711268494144, 19.74162065751296
1.7826734331597072, 3.705542464588103, 31.44144303376851
24.680706496064115, 22.57357076605528
27.058248409324797, 21.13078794808843
34.82789363489624, 26.939225433352156
15.022233776417577, 15.73509348363355, 25.41325665053977
22.830670601688496, 28.8331972489339
22.767946775444067, 6.9028545941362465, 30.064298083261633
17.98947288041572, 6.831121925457126, 5.468863918326762
16.738830084296744, 13.759984445950739, 17.038822030641125
25.49323691745827, 33.94331027760373
20.86569679614285, 29.746351249443748
26.08509771294561, 22.307696025036574
25.005781895484816, 24.065804056067666
23.073028669406472, 14.411342611119483
24.94347724293828, 22.138080097215767
6.642470694521766, 10.885355829169841, 12.676697184268669
34.45393398268159, 19.78646472694644
0.7165979458481536, 0.5466817001541224, 34.829616432876655
20.82260613040264, 0.10368743741923481, 7.2953992114364805
30.903550741698943, 3.8671931177420116, 14.582741307169863
22.88153349964591, 14.582385363003635
2.1579227235598624, 34.49679886420848
11.391488326443596, 19.64154297656161, 31.445928321028493
9.595483671020906, 33.43387200465533
3.403589766195699, 15.234002752119174, 12.5677899224629
20.432419609865374, 9.587663024368906, 31.681882555797856
22.817976411279925, 26.329168042422843
22.919503043828048, 0.2966855782951444, 29.33466814299493
4.826863829180051, 4.086682721104497, 28.87632836990759
27.544542472470628, 33.228167530229946
25.244574315444304, 6.50241577236092, 20.815452052746885
29.193020909807473, 28.827925995227
32.194973468554664, 2.8934854029866126
16.7272501277258, 7.402332835829924, 20.104355744099617
25.67981481334597, 19.824630277420425
11.465585194356231, 9.71926939869112, 3.0426078893162085
23.724497501258703, 3.023429441594874, 8.698018202139826
18.775928671927506, 6.3788058553109686, 8.701160651472641
0.7804513563468085, 7.224855447895301, 10.352086101084982
30.969238692283508, 18.973703759368416
0.4781187185240465, 10.154192257473689, 6.520722934286037
13.555766370246449, 22.61983988375964
20.720202767366708, 30.449537276244925
20.78373720439271, 26.599451319298336
19.820589320743668, 3.2075171431204086, 32.31661837453777
14.657982418116491, 6.312883142793532, 16.797137875159773
22.039549470366218, 30.447962379579312
21.69325044501523, 18.71001910815305
22.1308308030964, 2.8849987644094206, 10.603831404084094
17.329874742851352, 6.271569054807193, 15.78827903669375
1.5113987230359123, 17.002246585993145, 18.30036692607169
32.87849134081043, 12.839494245626645
25.99728388824169, 28.145129001466625
12.29929674195989, 32.9987491542365
12.021273884891515, 16.80782944706168, 30.604816149003632
25.29945313587002, 20.804566140847815
3.004752603032776, 16.182291413175207, 6.114791075849929
2.771525806519554, 14.266203933736698, 0.5876760291667438
5.564745903791394, 29.285444339870786, 31.354177317812205
28.243587512368432, 23.579731981407193
22.651644362969257, 11.41164029664219, 6.984452483882068
4.7730117220971895, 18.290952998924414, 17.24918435667492
24.159968471410398, 22.562010112632382
17.15895915908358, 10.645090639852363, 16.3887234573487
32.952578584031514, 0.8717699793195521, 9.112341535730495
3.8945018340455495, 17.52770328235507, 6.743306276905265
11.590356081087984, 17.530923250904202, 13.250020866799739
22.654647100048944, 6.804781571513682, 24.65380337172974
5.9972494873309525, 17.534961121592445, 31.288340370977973
1.8241963524479698, 14.152369121003957, 12.296921276976489
13.185055066702436, 9.716123669251681, 16.53126740619062
3.195227297740346, 31.30365235501231, 15.677055202912733
16.394582145739715, 24.380167191025116
3.965968367693555, 21.725025772784637, 2.0220101226022633
19.06338906926816, 3.155976967024326, 34.84226718449132
28.545896559864936, 32.31443897265845
7.78439360473937, 2.834773181531613, 33.18394921289874
29.401804968350287, 24.68670381420977
5.230981851577428, 27.42965016001464, 27.39123934099458
34.19327301924428, 2.3462603786359426
26.552699217104433, 3.3380491067673947, 0.6741503984262265
7.176479454352703, 1.893439374774113, 11.202157829310487
31.246004544862163, 20.04384777439183
22.312987558379124, 0.08579617526247307, 31.424241028798644
7.010940949046861, 9.334869059919885, 21.468997331123106
14.229440175311487, 26.43705400676225
33.88378877255554, 9.563526114410628
24.804582551056864, 26.850405679440584
26.745841777499088, 15.149427307001238
18.89805077595552, 18.460082588816892
17.991433368804586, 23.621762561692464
10.100451551433956, 31.060937294775552
34.15383730581055, 7.571766603483944
7.237778141548526, 1.485944611528946, 29.615302081767695
34.25169948042205, 8.276368525206548
30.0084333977236, 30.30957455572338
16.397103921995914, 9.865843117799526, 20.290646826374232
7.844569368371918, 4.587511625422191, 23.24678378705933
31.052956033109762, 29.029492705219162
18.10041956797921, 33.59585551844546
31.9222556702625, 7.721372317310495
26.204879500757926, 2.4635010656429177, 4.201224682509192
22.45694787702968, 13.526817446436644
24.611651138442713, 25.426823439769784
32.61036673689461, 0.10025896094981002, 15.2333133158087
3.327481386809258, 17.127731043506166, 18.228209410981627
21.07240261431393, 14.757566861699946
26.72211708740815, 14.129943586017973
32.422032124503474, 10.034602820769702
5.036759858169362, 20.290151662554813, 21.663881254944286
9.313041581490952, 21.28981718580181, 23.719953449170127
9.735728045935893, 24.298979216876422, 11.581686378427873
30.032556805214917, 15.156928403599334
18.340053503452932, 5.091294078004291, 14.219998391362912
5.303413999899696, 15.507981702006985, 6.243045150994445
12.743615002726777, 24.139803820410236
8.176311928183726, 27.646700054051312
9.019871078536305, 26.65848053186123
33.47626948405798, 9.969668660046418
24.903013654774195, 27.03475914028664
15.269589945934015, 33.87571287373192
18.195312335962097, 5.780326360481564, 28.468472705035847
0.1956379511814288, 1.8863114080239507, 25.978413718270364
0.3312424430084254, 27.090792279713348, 17.61078836801041
11.197670545887615, 19.559788648230906, 6.571172027090525
30.72844024116474, 27.12708705250217
4.728593452464657, 29.8213290283084, 8.833988210278369
15.530562836240584, 30.285256508757335
5.111109510689767, 10.439637449635146, 3.9512934187789477
28.64390635751054, 13.983073636282054
12.438305232796495, 13.326143443593455, 25.550318353884474
9.318625760499847, 1.2325576381410293, 12.017351703842717
30.634777184579693, 12.720983363773469
29.43362259685114, 7.914479735131773
26.40816967684579, 20.04860480816557
15.642188074111322, 34.765666787529646
0.5713570950852365, 32.61117745265388, 29.06653840856793
4.206297670083507, 4.441420037039548, 22.402055993620483
4.439861550146733, 15.367693780427333, 25.202768026575804
23.824487205656443, 19.14717448207695
15.526648192571347, 31.362920332866732
2.950557516151587, 20.884041635709305, 20.906299572891097
2.5722644117918945, 6.244255012368582, 0.6177465385665548, 6.356833472937543
28.724201072803407, 5.793939240332859, 6.043182810958092
1.6536330211385297, 32.25777817533005, 3.053619438591475
26.03740455881253, 24.138898507100343
25.535139785503752, 2.9183793852046316, 15.422499686982556
7.903211024310611, 15.17620574243098, 5.621138030006161
6.328461046530576, 29.03612935190462
20.710734298408884, 30.198268304732444
1.2422913400700453, 10.192486066946122, 28.795036396272025
23.78165264422501, 4.0405760244152455, 3.885095230423948
24.42338804275003, 12.349371539081341
21.116972557921045, 14.44749918152634
12.696398978834655, 7.797582799529671, 31.946562029142942
17.489301505958174, 21.12971904056526
18.733853160806635, 34.594226151992046
29.134790947341454, 24.86577725210951
12.870424518780549, 5.3892079674957465, 29.517758483715077
16.95318372466092, 30.693221425711744
28.936677742022283, 27.716613243301747
9.379284772493138, 19.278735812763337, 1.568917498869911
9.92908175272365, 2.0359530328514, 33.712830374171375
11.751205254569097, 15.554480685122478, 6.636169888896397
18.9490254855063, 32.51409047151302
14.897983304394364, 0.41176781061204426, 8.509854630588439
7.6453372088566, 10.384341930564197, 25.127031757067584
3.9255883692149265, 1.4270856335507638, 32.821151961032726
7.580742256255561, 17.61173620109834, 20.023122691896358
31.859304338256333, 34.12689157033194
13.959272551875856, 28.11407292791977
16.731438532444923, 27.958352264214895
0.058240889071952684, 15.372758326704384, 21.39055840103248
30.392500886588845, 16.98712300624704
2.627894516446343, 19.82384874697671, 23.6371375305278
19.827947220397288, 23.43216621885234
2.54806507345898, 20.952548656501957, 15.981003352893465
31.898460607207234, 1.3590678853135403, 15.103055120601962
3.3852969998951736, 15.611729401724343, 23.59800972755709
2.250011242221479, 24.568532179516716, 27.784934916416855
25.21795353278077, 30.13109082624215
31.103607138274384, 20.496881727044553
16.32961948086696, 12.209375770350412, 17.286764669586056
16.55475649573057, 3.9516312080743927, 22.441596890473445
2.8698163006089583, 31.575625933653715, 32.01870148526135
33.676994883486664, 18.280743755751068
10.089317368883567, 25.29855140044848
2.2506629811564323, 18.32427936954183, 8.323691897674967
26.288964878144068, 21.974793517267173
29.383684514249477, 25.306238195850963
34.26662922707968, 10.131850025155137
27.2221866291346, 8.414823312364504
8.3107853201758, 1.8398984841045425, 21.41457714065759
18.984711770872444, 8.847313997276679, 2.2742794468235323
4.1668919642758535, 29.52787053200666, 11.149613343283301
10.569721927886409, 2.5575909882355723, 27.019533152243163
7.588479008778635, 23.14399146986926, 20.562278068537193
20.039137525181918, 14.87111825338538, 24.95946350696865
9.609039981427344, 31.943843717203166
30.796845381287515, 22.527324153136878
8.83026964846849, 32.279379899875664
28.859930435608447, 16.471847546850388
30.600006539494576, 3.8418979923136747, 10.87558014565663
5.822169324232302, 30.028070493111624
19.756599218674538, 20.410019210630022
9.281580379406726, 33.67750803704339
10.44048095465726, 11.518509280752335, 5.856911408899028
4.433103820911621, 31.976311026718754
11.321366839970393, 29.884957799144505
9.4265360549532, 2.863931988574051, 29.583067936867845
22.372176676919636, 19.693715165436686
4.1113405353628085, 0.857375766666082, 34.470229359325096
16.04101525919387, 31.78246170561156
3.5286216557002663, 30.416742352121585, 32.770672570230516
34.38464292467444, 28.81356072645542
2.022308831556841, 31.790151784510957, 9.386552442585803
28.87115354175954, 26.03399566330901
13.844772424262628, 23.789742076850935
21.61734239375544, 13.113684543115808, 15.952652552084194
11.902204654162214, 27.144269612555142
31.9089038170082, 16.620937267560564
27.868297862023073, 34.79348504472435
18.450572883894615, 10.926830583537487, 23.729802799740813
31.089290326341498, 30.995650225106274
31.13938723784931, 13.212223312134748
20.61796349509183, 9.437970768208352, 29.228320826298038
22.95697091481763, 7.214906942138166, 21.99356903877163
24.01945929576925, 4.340607168212573, 26.64771058175782
2.472828876717919, 11.368369836714361, 32.42231284183905
30.874376096621067, 28.673767595591393
5.007491083888434, 22.961144954172397, 23.997671826947162
30.54999393979811, 30.64896239395214
2.8729879315772475, 17.244628539638985, 8.812341086631141
13.306840177359389, 15.953286246868778, 20.84449990879668
21.407290912218098, 16.392684485081677
29.048385501237235, 7.82669810010929
34.61258291432849, 22.983104009081263
29.32612494379231, 30.615458614308675
19.367800237137693, 11.078395472808298, 17.196922500522838
16.333529589284375, 0.8956523332552085, 13.122593395857622
34.89589427877748, 13.338907207179302
25.46597117595822, 19.913801937214362
15.221517567331937, 15.785466706314876, 2.750838523329243
6.899365065307126, 9.050766548069138, 2.0169096522715737
28.22569221197447, 13.227892302334672
18.439279039123978, 1.6998751542938328, 13.760244115040287
18.328479345703965, 30.39241421361045
32.9030129329126, 26.544839186904994
0.5841847282673757, 20.484952178452794, 17.524959835972815
32.5096511319479, 15.125411751868715
21.35352152317617, 9.891581277722073, 27.932538277985135
17.376151044950937, 30.28900241716617
11.907582447740555, 2.876791974823502, 29.948396675747546
9.615627467319307, 22.17305410298088, 25.10014358905874
0.7235079156061375, 7.10368509198987, 19.35563914611577
31.177531649178846, 33.86906431832023
33.43771756315883, 14.663876565539306
25.247309367021607, 31.181034675387696
32.524486145039084, 18.718354549579363
3.8576018551960995, 20.029938690442023, 18.088209474397853
10.573557167660775, 0.44530154238784647, 22.95280969122293
12.663490138326168, 10.739738539199312, 28.494585008064302
25.307147475895416, 1.7562947002225104, 16.673375579057616
30.75108731707328, 10.538894780907142
12.078917462662421, 2.091880034135931, 10.697884036278065
24.769872617701054, 17.30273375439676
33.02684494450588, 19.451953393049234
17.321840722427687, 1.063571016309783, 21.547521905313207
27.96452827233605, 29.807044104456686
8.87759719619237, 1.9344548466439608, 34.69878625236051
18.09013680218604, 7.829268159372413, 8.881543592056339
24.23700575286015, 17.32749732063144
18.750945125869855, 33.149781221445814
11.334137378110997, 11.144382981586453, 6.285453226799731
6.217347710334227, 5.672053584148907, 15.143195013037927
8.243418574393406, 8.921504697171667, 34.72504117383405
4.66388923335387, 29.696966934152314, 16.652977830577854
9.89315631794249, 20.716872713952274, 19.407491575716982
1.8629893577369339, 22.924347737417705, 26.310023662191853
9.10535479624869, 32.96121135788049
0.09657280500069476, 33.76720902188871, 29.359924517051024
3.054355832076083, 0.40343587216142784, 12.974441719633354
0.4950697264231968, 6.281307874442694, 34.86044346446608
24.45962256158274, 9.571948536550115, 24.404480447314114
33.96575020314614, 2.589062863026928
30.381790649974143, 21.9316003904415
15.14402987480748, 2.384126315682667, 13.26711688055671
1.9008885287487516, 17.642286197983125, 18.38894248013256
13.4549057979131, 23.245890035502256
1.9421968496917237, 6.72713843453703, 5.7336946380899345
16.502122658205927, 18.10960327204067, 24.01988633993254
6.459874794535424, 29.14872998026382
16.424939478583337, 30.27359882885354
27.99087931649254, 1.1744775465276602, 3.0703533832605405
24.41271319729144, 16.662926092257376
16.792032430822264, 9.431502492248015, 25.602397067780014
14.175840152870142, 21.07554579098067
32.418585260241116, 13.522627488982792
34.72124750229473, 28.409288241009108
18.888358859174957, 30.589764316394
19.00600989530424, 30.21116600783704
29.29001401904349, 7.401268687178641
28.18349547430325, 0.14933904354700656, 8.629464038324846
33.312218607247274, 22.861032780521477
9.1238831499251, 12.774117821663022, 1.8584276061473093
25.65538103564272, 29.185206767227843
9.724328702347218, 27.78525459566614
11.671624509931195, 7.652974846103654, 25.01862776433531
12.553101315736878, 24.630839605138263
33.46376932655279, 5.1019644893565195
11.321517579661064, 17.96045663102943, 16.13647039209297
9.21060172621424, 24.191045318639937, 13.099892257522523
23.288503744052132, 17.446222759330514
16.484862083412313, 6.440178241561215, 4.016914252239957
14.43275355678854, 9.24238616092183, 19.391403944862677
7.889934596583442, 25.195650675936083, 14.99406324079002
8.103654045589423, 5.045597272136435, 30.07080443422944
34.26071248708171, 1.2175551914307337
7.006293221518575, 33.32376325465432
16.063925408387192, 13.536259037363822, 13.839752725659903
10.17409497672913, 7.136938363733428, 17.830388116389614
8.021058856511692, 23.76330203710985, 3.801653267550133
31.032696100844692, 0.764047258284391, 15.925593466405967
31.68668711525251, 30.089832011840524
13.971839080532424, 1.3143064484906914, 30.12436658209304
31.66341091777859, 11.992006106773623
4.068809940753672, 27.15448622347392, 32.584730592052516
4.427276028873315, 7.687435401065853, 14.806699245464038
25.32379631552749, 29.97074589282387
22.800488592215334, 14.203507312992661
27.32651418355518, 22.720719554698352
13.518777081730013, 12.12531054824, 3.5312824032454597
4.869325823362841, 30.35007508778904
8.444679779659209, 5.249724621041535, 11.65206776041605
23.544492802072938, 33.49243252790006
27.869816231987556, 21.882122585411484
5.211348011942107, 24.501445156737958, 33.95968963033513
24.596317860065742, 16.55408483228381
33.464472104005914, 1.0475042096497895, 5.556673176773431
15.283920542454283, 5.218019775661499, 11.574852918805126
8.041758275855715, 22.520601723185596, 17.17475916398199
24.492164790000903, 31.212118977378726
9.019786487587261, 22.18319718700174, 25.892103217885428
1.0919649984718383, 25.58259601593607, 13.536487242177985
4.993130440714362, 8.92916172756981, 18.82801077404927
11.89716780639371, 9.873985546068416, 20.701872492130878
4.123493247600316, 1.0213019620875992, 16.0835589456711
33.31934144763308, 29.65196988393577
28.335823238114404, 17.98525296588548
33.34578943944239, 25.225702817393284
3.7255923997210347, 12.149801094212766, 17.454330480969006
30.9959981455235, 4.553636335724151
13.244273771512692, 19.724063241093596, 14.701708677489703
18.829576946639886, 4.832373569540386, 13.663934751033246
10.143071780216877, 15.84443100548232, 3.029981606718981
18.265773618194398, 17.369118917918705
4.996204185093115, 12.28119226630917, 8.86802920949269
14.855516339051514, 3.1951495018810903, 33.23397097771488
25.123701998872026, 6.053520383679961, 10.203038025189523
13.928984858234113, 20.25386106406409, 1.1830299819819168
23.050199226355204, 26.389296906027315
21.640739205203346, 20.6223163218278
32.35080618540195, 31.30657109607726
28.722089607721635, 9.313766442308111
16.38205864664278, 26.834639423853954
20.36723441516322, 27.88084318992474
28.9432501049137, 9.986044855830745
8.796848351934173, 8.65141459884337, 5.148523329418476
3.6497499524212906, 1.6908275603448542, 0.20268052063655506, 11.580455150410936
5.70133824823889, 29.37190492358741
1.6775174759361522, 2.202376145725981, 34.38800734154519
1.2171191387422535, 12.13104263378222, 32.26355731261095
0.7711579786864986, 16.754247561857778, 0.7260467714950558
13.639437331086325, 13.527488733790857, 4.326641964728254
2.6252909267843134, 27.28070225081155, 9.92794349733356
5.4323307470316475, 3.768483752803087, 29.5425971091126
14.934353627840979, 19.042685586983225, 19.34302640408926
13.678614634155954, 15.668386764091908, 18.009106127097475
25.92646300718944, 23.03549356226489
5.016213787104303, 20.33435879661624, 17.982867790367443
27.79203449762767, 33.74025759042254
29.460581444961463, 11.711427380944992
31.154955572796766, 22.32441910170221
10.166766968214871, 26.97895410363109
15.52387861493463, 16.700428029896585, 13.797531649130624
28.967668164995295, 17.55943033449185
7.770554505502599, 2.6434380539934383, 21.514708261832254
10.044897616898902, 2.419070357782603, 14.159647918435697
1.2034749531736937, 12.311583299211994, 32.29121110725962
29.93192097494721, 22.244094516327824
12.573706567829353, 30.55949309259465
17.286031808763344, 3.1177940853690345, 34.08950719755712
9.029908588479723, 8.45867117443716, 22.85518145552677
5.769306960693823, 6.569966768700269, 26.348647251644607
33.86735476966696, 7.722674070824877
11.10719342852405, 10.292510439107394, 21.35949596656737
13.122223723161339, 24.712379034249572
9.843299382525469, 24.518563913882215, 32.66260322478835
24.73648081327466, 1.2234353133542242, 30.032498022101688
2.8582792290936796, 9.970493143422024, 10.882096388966803
21.890695157383064, 22.43642614713487
28.461874620270088, 23.047320202856465
4.488618687043337, 33.524451383770035
16.340640061529623, 7.890676085569969, 6.017310846139629
18.240620786529085, 23.00288222937656
19.64280737438761, 22.63684056244859
32.7963608619064, 7.747792971760917
23.36187887581848, 30.339446618752696
30.139473870711445, 20.70707500554533
31.863715919007216, 10.52505656042931
16.72809911410414, 32.24233067912252
3.944973754034425, 23.349145389418332, 1.500495441589974
31.568486926980135, 32.1858283319023
31.202692741580872, 27.386247561952427
18.432382945754554, 17.352155516506453
6.617331550440271, 16.634027307687074, 16.638877595899046
3.3759240992463324, 20.420789096186887, 27.410921310990474
1.6922324132222522, 15.04025162292051, 2.5513979733842196
14.3863590022395, 9.686589138866834, 6.166576601223141
3.167452142956779, 6.082866505075535, 4.5170898708199205
28.797078977920037, 1.1327298511366857, 6.010747904310507
10.869706559736443, 0.935757792278869, 26.638816325297476
21.54063559116012, 34.80096794360098
33.46560434152272, 29.021907553912296
15.130964838645648, 6.314719130853481, 7.453414486289258
33.55863403056788, 30.538113861454384
2.8519567044792433, 13.30276181726678, 29.357649590321188
0.5336466793994249, 5.181446323093063, 28.482523213465686
31.183483277081734, 5.517545166983576
27.776368892880203, 32.889926430225024
12.783408982604705, 27.810971868069217
30.29550605867801, 1.9748748741040878, 13.230748027553625
4.4103281858019, 7.421181259625973, 23.52159227380398
26.696830770491722, 26.50830513591935
15.200477236958344, 15.655248357607215, 10.094066241020071
17.805277303792554, 26.78199434585917
27.592895270621337, 23.432864070130222
8.899632604837661, 16.032302979500294, 34.31977286765466
6.2571076144917335, 21.34895692177439, 20.59320448040212
9.580171034688167, 34.35513656465672
8.219766699537956, 29.440500201556667
33.56278696810879, 3.0642417461177547
4.004567381828107, 10.250306726991813, 0.9370489480727723
32.75746769944993, 24.16114845181322
26.702777003905936, 24.075208495493612
16.376962441931827, 12.096943826654304, 26.74925987861116
7.892443860138881, 5.532740576251353, 5.657808863438592
25.76819990713845, 4.146048816775952, 8.93185756890338
5.031574766818323, 21.85175875693527, 12.018616019000811
2.9733739439714113, 5.184656660220737, 0.34861789204773563, 31.586144178362307
9.765192208455359, 14.15853234822249, 4.401609862360237
0.6929542583792236, 21.987870972478998, 19.367462631044543
21.17846071522938, 4.9807869571913, 25.35825311437711
34.252667995246064, 8.499839095103606
28.898888326552647, 15.344880297635296
18.502417857236843, 1.2496626195959122, 24.833008470822836
3.6491405319560015, 28.853651013049078, 13.415686934712756
30.899747688027507, 20.948814599534128
29.737870540028478, 29.641511259890418
15.110805092435504, 23.378521338958613
8.476467008325216, 1.1186462872268081, 15.688729059605905
15.129030121923183, 28.90263089038314
21.041521656585466, 9.294269049707864, 23.690825161817948
14.31870110315279, 19.14593227957003, 33.85012344669333
14.176519018835814, 12.912126042828364, 11.751167745035517
5.692944614073074, 31.187646856703015
16.122617772942434, 19.357216302996505
8.606729689902528, 2.8272039492192618, 22.405863610507076
32.915866518990185, 32.486721043594336
29.06161857338412, 11.879576139104946
26.554775237169896, 13.589275210405688
18.71771335352869, 2.6298188029839213, 5.77432789677391
17.33216944933853, 18.27772604700356
0.5196568787868627, 31.242811564241922, 6.415029728742882
27.4281641545835, 14.553104016231483
20.10901551381801, 31.02494419862935
11.671902270930946, 33.48760174073962
1.297244554694842, 29.15939747581594, 22.010056219762323
19.195914589944962, 33.29504990837548
27.895106015809002, 9.492165509942215
0.6205100097172284, 34.20513453447157, 3.83398877027136
16.462122329683325, 10.15898825807871, 5.701349761058462
15.329385554004178, 5.470287221440104, 27.900946794537322
6.544870309296307, 16.927844251565638, 6.786266701949536
16.1479317801911, 5.418092533417756, 30.57773498728677
19.205141276260836, 22.097740072983008
32.74217492787844, 15.127547633787161
25.800515646400214, 10.244076562678737
19.24059362921077, 1.744196076289863, 20.100547401023523
10.916243869068978, 21.422976933007877, 21.828853484507324
28.20443194291686, 34.33484415919804
21.358071488512635, 26.12805814129635
5.968518479833673, 31.990022643481034
2.386641384264337, 23.469487074083244, 17.176526518948187
8.53744122468654, 18.627787133658675, 15.709991402147843
11.824901605463715, 19.40913506080023, 8.97085342761156
21.095875582528357, 8.69494387568454, 20.95638558012442
5.1781692221576545, 6.262819052136213, 1.5375364737857278
13.510386505217692, 7.147199529312298, 18.924554789765217
26.164220800884237, 25.225750646736095
3.7171252053433435, 14.691935807411177, 28.776084651369437
13.51551285743711, 21.376764693139, 12.878634878704155
5.91213017591772, 23.528815222340647, 32.1201581423275
3.4840363485142705, 31.47317835627141, 16.62028807076248
22.132992893189623, 14.96096063319609
10.838135068905341, 19.568750232646202, 10.964218100691758
18.545237004049916, 12.78449292561789, 21.99113182623764
32.490120321201026, 15.129713917104812
2.328796763275905, 1.8084724723282757, 29.753396912943266
25.676066599944765, 25.31386164168424
16.94585518690893, 20.087166183504227
15.714389875988841, 2.3831439617776384, 5.39458816491325
30.294821593082098, 7.400255388555033
3.2265335355343745, 5.894089810379615, 8.24944079826671
13.467912976455326, 25.954276879952246
8.231714627191494, 34.359616391007656
5.653206804090884, 16.33162780502108, 33.7888751654256
5.964282106427943, 6.868072116497234, 12.792830905823397
25.088706623718426, 19.290200562385728
34.55132700576684, 34.706630827419424
7.660509948791882, 30.821346963038383
9.088249501630923, 22.62318303936268, 16.573599676906415
3.2723732118572553, 9.195236816676879, 13.897142520080482
9.997757849594425, 7.214477825632983, 9.381564572290026
17.872968756130835, 17.677555427561522
13.185726882764065, 23.2150758610831
0.34767527878116267, 4.460894900548299, 8.779079533439859
20.534394081258604, 6.4101247590085055, 33.318011964419334
2.410288409174805, 5.997764484910074, 15.217987532166624
26.33011459700282, 22.34310025901248
6.497203807175159, 6.576156380304004, 10.317011334142133
22.731378650088278, 18.249317950578515
6.101905157403672, 31.55765925675873
18.90808242389847, 0.023451318846126612, 16.417401123196417
19.769471603135326, 4.86762648890133, 8.940508694739867
1.2130053240372174, 30.013144305838157, 29.549589028163883
10.396915559374957, 27.842429105044346
29.512886016823582, 19.562973271268604
20.527489286277195, 15.450693089189302
11.503813318667662, 30.69879918048461
33.94982510388118, 17.177861211557293
12.72439683205604, 1.1896615905049286, 29.62007438763263
12.762401109385973, 10.211503295313054, 28.490882546564848
4.227645511648374, 0.8259983305691476, 27.89043530144036
1.337290120244271, 29.16755445279633, 9.689593399317449
20.537838761405673, 3.9134561898443, 14.911290123392074
26.082097086510853, 22.854854782462915
14.810218438266167, 25.829613351262388
10.710080798635472, 10.490241803800757, 1.901544290761505
4.656199768918615, 9.60860663200077, 6.956495610547177
24.17137288908968, 8.067820202543379, 2.7067248260633425
21.2312614651706, 30.15719258039834
19.019319770773144, 4.450104027752873, 4.284626709368239
23.593706861402683, 25.139744407310733
4.97470148973959, 9.29584102129189, 14.31790791141728
8.881623629146725, 2.6774127942144297, 30.73497886389487
8.86393306686071, 13.477926478089104, 31.116078531258687
34.23469154845076, 2.010378300862466
1.8280234156969666, 17.62146883427292, 23.724340339961135
2.914424258606326, 29.3632560023451, 16.862746317786268
7.711854650962774, 16.08942226139264, 19.404599593754682
4.864588420227531, 28.817323395628527, 34.205512443593726
20.17554652268906, 3.8668615160526643, 23.8887051581907
28.137616980708767, 12.37759882613966
30.36207129090328, 14.884827073905395
15.244308299732118, 33.55048668215234
10.500627165090856, 15.147832553193936, 15.357182240385098
2.2309369431681785, 25.58918849277791, 29.290661084634248
22.661511916893378, 31.390766715792008
23.908721620893605, 24.179686628573585
13.27235680044291, 28.133166859086845
2.8713650846554244, 21.824343249795138, 6.431186157041854
11.210530591918525, 23.01875068818302, 7.140390103920612
28.70267413303571, 11.134996731033658
7.56473232166443, 16.15182512022753, 20.89484300895266
12.822017252496748, 2.664712244387137, 12.21193490088147
31.108829040248168, 9.504646507946239
14.132314021099134, 1.368814440004436, 21.009942004320024
32.69198399630888, 31.262997209554808
11.282092254350761, 25.06502469843016
2.1792553566020203, 22.87544594164518, 17.15628152901617
6.096545626189686, 20.41027627160806, 0.6659780307168495
34.82520446585893, 34.387064950937706
31.751149011586147, 26.234060470048952
25.20934155119525, 3.29741881993351, 24.48714639094016
12.919682999897049, 0.5658486306127425, 25.697881980781066
34.179059023461065, 1.622370384354797
0.5747415551692764, 30.979524666519875, 5.712980270278473
5.571035158816721, 14.373564321504308, 27.14264136610245
8.899634523409702, 34.5092709004753
29.26218424027473, 15.541044282967512
1.998821018469103, 12.949483573302585, 9.149662184520725
4.745996926674135, 22.08885797444532, 5.133739378867922
20.39096848399077, 23.1869249980404
7.265936483173286, 22.41927709380002, 8.27757213572689
10.312562676066246, 1.9057001941622236, 5.7898539810007685
11.338570632556785, 2.43675753922574, 15.40948030500461
3.479103778965583, 24.18024566269692, 19.995313797484204
9.631443089176253, 4.211443711290578, 10.403447407713804
19.35253346797382, 3.4370058694386847, 24.508616079261703
11.334924387440617, 18.641286971237047, 4.820192785434504
32.754542193685566, 32.47464080378395
23.827629429078456, 19.056873074732884
22.337631448948677, 4.40814241213798, 28.684271640349383
17.384693678147016, 29.442517745907526
6.836589841380399, 1.3675504674520482, 32.82088078510968
32.3738148915434, 4.954433494885558
15.312187712657495, 12.14633220229809, 24.027361713623833
30.934928267206494, 30.94838229804237
16.410237717113805, 14.663060987457007, 23.119385749206504
4.433544015974568, 15.408960015271767, 30.194619182223796
25.02520997585614, 7.174688739842851, 11.100689427776778
8.197517354095982, 13.13183991229319, 16.07373321432773
4.008508877052642, 4.632377780700814, 8.946365943458888
21.673684811852276, 20.95348162701878
16.202858290093737, 21.014074996560456
17.992303629266694, 7.278054336333569, 17.916054754088716
15.377737876599076, 31.5242328019413
29.690302179552702, 16.42213835200714
28.087391905450296, 29.380604330468202
26.327022813613453, 25.80933133599805
19.440057988884146, 4.373137491340694, 17.98099584799763
21.857014233207245, 26.779935163716793
4.094609869794637, 19.50175070733818, 8.50546235008837
28.951659848886873, 5.135658498280742, 11.39446744851273
20.639089537496346, 33.00040551063353
2.823707386140164, 11.50152771387128, 34.75126292901778
10.700317325591564, 3.5855534247568754, 7.616946706725365
34.443750679537516, 19.345877989924716
31.48751322341439, 28.508690478265642
5.163051050213557, 14.197433589157002, 12.240169930127353
29.331003598529914, 13.366243215131657
21.113844150922667, 24.918302530333225
33.015015612548076, 23.074779892039714
28.403469225467813, 21.751096894375454
22.337109250425428, 15.76430169010577
9.21874575733875, 13.843546489655173, 17.95241780566309
13.441761381866074, 16.21052946670602, 13.2021939157874
12.170178148403284, 22.074949287796585, 22.913713418944397
6.930501958134046, 0.8350937012133614, 8.061887092876178
34.34413691527164, 10.3510866134155
9.679010804361178, 32.62001513973449
24.840136032068667, 9.664166336752288, 30.079824257008987
